filename,chroma_stft,rmse,spectral_centroid,spectral_bandwidth,rolloff,zero_crossing_rate,mfcc1,mfcc2,mfcc3,mfcc4,mfcc5,mfcc6,mfcc7,mfcc8,mfcc9,mfcc10,mfcc11,mfcc12,mfcc13,mfcc14,mfcc15,mfcc16,mfcc17,mfcc18,mfcc19,mfcc20,label
AriyakudiRamanujaIyengar-Tillana.mp3,0.26871060738051544,0.08944503217935562,1162.1693809326337,938.0955891549038,1934.4549692821208,0.08260985572271672,-281.00329513843946,210.4355707487249,-41.48201899720954,-58.80296923853414,31.388156341682798,17.436064948741308,-39.40401946500575,-11.183943317570444,0.9161727193158199,-25.017934832284393,-27.155191591785282,1.6337829068989198,6.835465046535114,-1.5118799437852097,-2.945845367690158,3.080937356679206,-7.579445130456671,-2.9744680193041257,-1.8778290708494416,-1.4192592637638641,todi
O.S.Thyagarajan-R.T.P-thodi.mp3,0.2702285455458637,0.22052119672298431,1694.7863027618992,1611.394057766054,3232.5804530282508,0.08667105565499227,-105.16231647057583,117.20155776096681,-65.93282440396321,25.49996069419871,-31.94923028699815,4.212151344889601,-33.73147648049461,-15.570674633263566,-22.910566347323563,-11.069256566127406,-5.858333295826644,-2.9496463420562034,-5.642573566388434,-1.5533878473130402,-6.911158961180451,-1.964482100792879,-14.956536297823273,7.682885335814238,-6.139875467928001,-10.77340057252002,todi
T.M.Krishna-VazhiMaraittirukkude.mp3,0.22223925912522963,0.0290936678647995,1901.175702055121,2012.8477638308434,3806.5436490179954,0.08188310274767802,-306.0937605895855,96.44829427184929,-32.288205858275106,33.73785476135396,-6.809769568192923,-4.152500195267318,-1.5339194555704605,-3.815791326173949,-0.8752031137748894,8.956639966432842,-7.651003572623503,-0.03153676215793646,-5.50832057024505,-13.353211449381023,2.092080488013404,2.1972006596822724,-4.81161802868066,6.811631327177295,-5.988690493583727,0.08566182799957249,todi
AbhishekRaghuram-KaddanuVariki.mp3,0.2939674225474683,0.03295375779271126,1514.6364643515274,1827.8722741230702,2736.21678780476,0.08422398050503097,-298.19865805123675,122.41594103250816,-20.314159457951614,11.315837821181242,4.979271593607731,11.11775413180525,-8.662339615800846,-0.5149263191672115,-5.493956538048488,-1.1925829881629992,-7.81194600841898,-4.480034656922908,2.108347334930293,4.114902052060901,-5.145811902413882,3.1160824072556816,3.825321829063963,6.324935658353176,0.9541246326155255,11.754860976037966,todi
Unnikrishnan-Dasukovalena.mp3,0.34913854490774343,0.09279696643352509,2043.8326958761718,1878.9293821212318,3586.9116437693497,0.12110848913989938,-212.70909060364434,87.43857053159164,-62.0626827903939,3.975086423595924,-11.144193281062353,-15.362099651380575,-15.763637649391692,-20.072036019581244,-16.65059541148656,-6.0093161401963595,-10.40332868651834,-1.7328163318031953,-6.8684896629697745,-15.749095594438216,-11.423182302302347,-6.367965740528022,-13.765091445986434,-2.7252616719659764,-4.607996798415937,-2.3681713817463357,todi
SanjaySubrahmanyan-RTPNelataMaruluKontini.mp3,0.26754225176825597,0.04705723002552986,1900.4454153609238,2084.330323675073,3855.2850209522544,0.088623046875,-254.80294889901737,94.96942729083125,-23.456629909316796,26.832465104064347,-0.7575967267086295,11.7262032226794,-5.596136142306463,-3.6978952421632783,-5.109326580382967,-2.633774490435076,-4.959735340479837,7.140779813592386,-5.4342471807745545,4.25136121956674,-2.0308663788387613,-0.3007359953247423,-1.2981159310099384,-0.25184929294343084,-3.656592436153869,0.8749406440854396,todi
GayathriVenkataraghavan-Koluvamaragada.mp3,0.2352914849207405,0.06719633936882019,2110.861663979946,2103.453327871913,4087.8586146115517,0.11088859628966719,-251.8244586931992,73.86349774669188,-29.438319118604042,30.147659719010846,-11.429206158990205,-11.918444611685748,-10.318645268693245,-19.869595315754026,-5.918490109029292,-0.3756357045637953,-16.224623397514243,6.071064890653568,-14.82281497090076,4.9804227962648575,-5.883744552202762,-8.450204631313364,0.8678678630647043,-3.0413017819985346,-0.3255198990976317,-9.113501573755817,todi
NithyasreeMahadevan-SriVenkatesam.mp3,0.249920098657894,0.022055678069591522,1683.0446471576806,1918.507261967379,3372.654606019011,0.07161067809113777,-341.3600674719987,114.79756260451434,-19.436436264167842,34.19484221699495,-1.213778722881175,-4.470279036212976,0.5218366066064093,-12.303419844032394,-2.432454876044792,-3.5960427597680886,-14.182617043891629,5.433333756474534,-10.639850258165978,5.5319676286927315,-2.962501537185627,0.9530623834300267,-1.3035520683311073,-0.9282997059743983,-10.329245121622566,2.262459856533044,todi
NishaPRajagopal-NinneNammiNaanu.mp3,0.23313430626432236,0.04578188434243202,1737.4477806468803,1790.5204227681113,3447.2374883598586,0.07796816043440402,-310.5854216519844,100.0586832086272,-46.47269420699333,16.95080349196273,-17.54316711294349,-22.24092789113173,-1.6995330475419335,-26.714683184427862,-11.498182608931241,9.918403306669688,-11.842410387890611,2.248756991067488,-14.559645066667702,0.4264786830598336,1.7081165389870745,-10.228380077832822,-0.057083323149751335,0.20768025507049442,-10.130947004529734,-3.975226620924713,todi
S.Sowmya-Jesinadella.mp3,0.25775617616659974,0.11970148235559464,1367.0723427636217,1665.7312551338339,2308.561040447223,0.056672748766447366,-254.7377579720311,133.24552812824626,-31.720875899925694,-11.81373547984473,12.680126163745799,-37.384574183868715,-3.316604226030165,-15.781024962999837,-8.587970575359087,9.898784863638385,-16.438572024334494,-0.4760926958531723,-1.9147028377513065,-0.45359064166465424,-6.126574202544848,-7.035595777897833,-2.0452489896498034,-2.4383676711488262,-7.6955240588563765,-5.26472843970563,todi
SikkilGurucharan-Eranapai.mp3,0.28835215203337733,0.02082987315952778,1316.9210262359643,1683.154076243837,2441.918567385836,0.05455333603424923,-393.6003327209563,140.95951392716438,-5.383635732341902,10.415441635423996,-2.046322267357761,-2.9417538392065645,-11.633549898571093,-4.868155427786356,-8.831379401330421,-8.058352752075235,-1.8650744771449888,-2.522794383866017,-6.8605515357579065,-1.018845185562738,-0.22114080252801802,-0.8582855104938588,-6.096159178398677,3.258459064680737,3.480591128119956,9.67698446020106,todi
AriyakudiRamanujaIyengar-Koluvamaregada.mp3,0.2169398143646246,0.09960032999515533,915.6596874774855,868.6148623551011,1746.3477734072658,0.04435725256385449,-280.49819712330356,173.6134154563996,-47.280877969212696,-3.133068448294384,23.113666105758398,-19.52163143266911,-14.239085505226257,-7.558539288079877,-15.511388076644772,-15.049560598252876,-13.514994823859654,-8.587021407478833,-5.832065367764768,-9.21914316080969,-8.964435895445396,-9.865579902105312,-15.643903086991227,-14.162633459188747,-8.642389540442144,-9.187305965247509,todi
T.Brinda-NeMorabetti.mp3,0.26324611646893,0.15039919316768646,1015.8622899590425,1027.3554691722409,1561.6988899538023,0.05895089069756192,-229.03973762816713,161.61811308463058,-36.87894027347519,-32.863537455455564,-20.41288974034652,-15.297797911544553,-24.332464860795064,-33.18009667839513,-26.317575962037647,-15.847651184494698,-11.41687755094236,-10.224700270137205,-7.9246343319760015,-7.426126021642313,-8.169220208885461,-11.687914105465365,-8.59007348505734,-0.8215338444859759,1.122959567280482,-1.8701952478338795,todi
NithyasreeMahadevan-SriKrishnamBhaja.mp3,0.271459855380216,0.018738076090812683,1470.475762972602,1692.288361901893,2731.658482034878,0.08350554191660217,-355.7486177339906,125.53480940724128,-20.726881041452412,14.252681300790785,-17.433432103193375,-11.529114409471896,-9.83955005105408,-4.798288590414906,-6.396275869584663,1.0255298653016582,1.3457526973763627,-2.3392058549468513,2.7747384183628006,5.857911642678024,-2.4316518532108926,10.231745815821892,3.009171752152251,6.8321517603248925,7.535812816233343,5.574374132559201,todi
M.S.Subbulakshmi-RaaveHimagirikumari(Swarajati).mp3,0.2603288923395826,0.04172208905220032,902.9143685816064,1093.5096737953734,1516.974160398123,0.04842638895607585,-326.90103242659706,191.92635294605927,-24.710905102307567,9.010359817697784,7.840129659331998,-22.750441497912494,3.4624222236470787,-3.401123152468295,-2.6994446926197453,10.264338235860496,-8.27830279413574,-5.224371569989587,5.561008343901946,-3.782327417788068,-2.81653754871828,-4.546246528766139,-4.338073589886387,2.3722276318182636,-3.7573298268625326,0.6511053934687036,todi
G.N.Balasubramaniam-Thanam&Pallavi.mp3,0.2730498595421165,0.06735537946224213,1034.7186336018174,1571.9806172357598,1725.3145672588525,0.042343281370936535,-270.6352989544883,161.03656456899753,6.814001168554109,14.356630561688766,16.529031814452424,2.825689568595848,-17.18568983395594,-4.308485083944182,-10.420490000934814,-4.466781227142158,-1.5509695390642335,-1.5718281949099036,-12.103943654356272,-0.1819811018153372,4.795835618865168,4.4907042508327795,-6.856753264294458,-0.6835140385745575,0.011567789718578657,0.5446331513756616,todi
K.V.Narayanaswami-NinneNamminanu.mp3,0.2880527131713431,0.05846892297267914,1438.5664426540568,1279.9089594811394,2371.3939938382837,0.09543593084849071,-276.3312994556167,134.55018422244356,-64.99741851069439,11.922304541666932,19.30100402861663,-6.44031486143692,-22.594835370500626,-5.404411692614326,-8.046101533622016,-8.018039900433896,-1.383856768542995,0.2066062029481355,-7.240418208351644,-5.152553993891307,3.3495464628906295,-4.49474233877046,-7.246494245399407,-0.4911643336314592,-9.981976690157454,-7.24829650798848,todi
ArunaSairam-MummurthiVandanamRTP.mp3,0.2508456276940448,0.06278286874294281,1945.4565620268577,2041.6620728726334,3680.586077332866,0.08261476876934984,-225.46227069830454,100.5796274768996,-38.51645349543203,17.864114710462452,-12.553529959044907,-26.367650099119306,-10.428335541581744,-22.730990576547534,-7.180614839603367,5.119298333044552,-18.018306747002615,5.071240723095141,-18.308851591415095,4.374115280055918,-11.073851200691626,-12.035078679608251,-3.5103068920226073,1.1984280087573198,-0.3096652084848951,-3.8774287108239047,todi
T.M.Krishna-Kartikeya.mp3,0.3118699142602313,0.020322855561971664,1656.5266325650318,1971.0320277267033,3398.287784352022,0.06893306767608359,-319.0690520711461,118.11283392544159,-20.703409212003596,24.196660297104167,0.8351732831218261,0.9835166081323721,-3.4031887256700193,1.6049536682967371,-10.379905700771506,2.0244413625009274,0.7868408835578582,3.866638319501075,1.0018216238865492,4.8028695295195645,3.0084992409977764,7.989722769912646,-2.9444352032286787,3.3448457099820823,-10.078608665401147,1.4772913413005415,todi
SanjaySubrahmanyan-RTP_RagamTaanam.mp3,0.2675539309549193,0.046457380056381226,2043.9112569295078,2080.1271847697444,4026.425652754934,0.10063657967298761,-265.4271941357155,89.81069434836168,-30.147049916992493,26.00864973937365,-6.002033155759634,9.504108435780653,-7.888730426919224,-10.43084536885629,-6.803910225362702,-5.042779479190281,-5.923019682882054,5.179789572370021,-8.144484578632195,3.172926288802292,-1.6431110891147398,-3.7882483261193696,-3.5781251900490716,-0.00308234035356837,-8.292848641817285,-4.487933136719804,todi
SangeethaSwaminathan-JesinaDella.mp3,0.24769950260170007,0.0239635668694973,1732.291844660981,1817.626968404952,3139.114351538313,0.08719977505804953,-380.1104676803005,96.35326825397144,-33.16303309441815,5.503998475969575,-5.192842621548437,-15.606732490505864,-2.5515577399437332,-12.308698079205724,-8.378369763880972,2.0084101307760935,-10.097897634908577,-3.482338436890423,-7.680289220884542,-0.8055705788656542,4.632422722227912,2.3351755993210905,8.077859753936483,5.548971069804057,-8.127598450348799,1.863282986128735,todi
GayathriGirish-Minalochani.mp3,0.29245606235857136,0.05233253166079521,1977.145734068481,2116.765744075163,3863.3766386900156,0.09126059706366099,-226.69883702400168,102.66949297184674,-20.951369881239813,23.916178490277982,6.432885411102508,-9.82113406533105,-12.681710016355158,-3.8108795570149945,-12.437338654665183,1.7266160319529915,-3.213971008055336,7.457430326106585,-14.327037266721625,6.255498640564469,-7.014808548915,3.9673518879158616,-0.3663223088280647,15.554892472416013,0.44967337851863876,9.133722942879048,todi
BombayJayashri-EmiJesiteNemi.mp3,0.27841561036472917,0.014567852020263672,2100.6570720342083,1986.5464340931849,3745.952348738632,0.13709516495743035,-351.56348223365876,86.75751640537783,-40.4458207034396,34.87440616540377,0.6821985594387183,-13.380175733971676,-9.83875331483518,-19.057129800900587,-1.1716081186701581,17.88852440158059,-8.073174371294218,-2.7944656894179043,-1.5131709843088015,2.5294060600084,3.6059099818170166,9.55682031405003,1.1402930311158745,3.944212139621501,-6.387486290607365,-1.4440462291613785,todi
T.M.Krishna-DasarathiNi.mp3,0.3790221872262272,0.011657238937914371,2770.0126962102645,2654.6113069018497,5814.364841331269,0.16483649380804954,-397.53901219929685,71.91447562406482,-12.137520070544578,4.355248034115969,-6.138428631437655,-7.681176849790506,-14.478139678285476,-1.5742918597875852,-7.602878813082621,2.053370637461524,-0.279960703661128,2.6633881455019814,1.355880283775121,0.7847890397839611,-1.8590205087345415,-2.372073236654773,-9.818937646055971,-0.7054449511833392,-10.086136669579464,4.1432667127201075,todi
AmrithaMurali-KarunaJudavamma.mp3,0.24152206152861164,0.0322115384042263,1855.6992824015254,2026.2756537145758,3635.8030147965846,0.07835704697174922,-305.6582529163133,96.00461950451019,-37.038333286336915,15.331389265759311,-11.3591958245668,-14.018589756590297,-15.68775406883477,-22.63641660270946,-3.600958588097837,3.9824843964398644,-19.415365875596517,-0.1221756685016171,-10.28148620213428,10.264325126826899,-8.854794819782647,-7.192786655370703,-4.003012176983417,-1.1324137153411238,-6.817132977536259,0.8072278207812964,todi
T.Brinda&T.Mukta-Pusularamu(Padam).mp3,0.2912924061537664,0.049703143537044525,1449.659803367251,1183.573585482412,2687.225417382208,0.1042563612616099,-298.26274489921735,142.23464148819093,-65.88311074663359,33.16536187478099,12.83387819552433,-27.269045583349094,6.24494979518018,-5.341410027172561,-10.135092806165476,4.741620602443036,-3.8545271319892005,-6.077317259686597,-5.109430746719944,-2.9627549986380037,-5.12312068214609,-11.200937816880552,2.8667064591639213,3.653198946631508,-6.7543416067309145,-0.23290067098408612,todi
SanjaySubrahmanyan-TanigaiValar.mp3,0.2525809746252178,0.03719508647918701,1978.443815297561,2271.1747373890526,4164.15815323868,0.07440015479876161,-311.0740195017625,93.63836398159941,-14.51786569277167,4.117766469386166,-0.8633501987901864,4.80094942301024,-19.74973923608719,-12.583307119612236,3.413622123035691,-3.0831670652439023,2.6046598568268853,6.341306274293806,-15.889407183636923,3.8605366437041804,-4.153416957489083,-0.9436149533909671,-9.072660975667558,-0.5381675720500184,-9.460343065652745,-1.2444100698685203,todi
SanjaySubrahmanyan-KotinaduluDhanushkoti.mp3,0.29255224975975525,0.029609568417072296,1706.8898642688034,1948.3574917759277,3607.461519507063,0.08460001753579721,-335.1956339023972,110.18341403547048,-20.16196898648886,28.76482924795879,-6.467819024400625,4.263008268598929,-8.307495653697297,-1.4898925073981948,8.948363028021305,-2.6953603051072514,-5.502006145383471,11.087525316352732,-5.232205971660537,2.9213283054367802,-1.1921781196179762,1.6032475288291563,-2.3798633611945585,7.291998387302792,-5.3182814492100094,2.258109047160887,todi
T.N.Seshagopalan-SriKrishna.mp3,0.26690462343501337,0.04232748970389366,1517.5286405095092,1917.289943081488,3328.679871928212,0.05627781540247678,-306.9000312999113,122.90375722035384,-12.989757077245164,38.6246861083309,6.125455091699518,9.343064563661827,3.9627604749563576,7.013316663780175,-5.099668289351081,1.756726305066695,-2.6080703537439973,0.6702902565285586,-2.433359505114738,-2.7593929556126846,-8.665915759286557,1.7165513935031247,-5.424579074307557,-4.572655709948422,-3.271497545324219,-2.89691305212892,todi
G.N.Balasubramaniam-RTP-Todi.mp3,0.277721035800112,0.04149695113301277,892.6193135454542,1028.5263733343163,1683.1481555667085,0.05140974204237616,-351.1768764511841,183.0666569403436,3.4323059289781015,-0.5780550579548778,22.76536760003108,6.936307807591242,-19.355950902760416,-10.32344473310686,-2.514412116646246,-1.790344487165663,-0.5099715357742793,-4.159738824369262,-8.341025280455368,-3.399951358556891,3.1971556445034244,1.4399796536640026,-4.702845575625761,-4.059400700418827,-0.281882428270915,-2.0998946460005405,todi
SanjaySubrahmanyan-Eranapai.mp3,0.3322732025039555,0.02626711316406727,1847.5585677131871,2073.00259828697,3690.56101701577,0.1031293839493034,-360.7530655035459,97.24309418813782,-18.03028003028185,24.271877043347807,-0.3469983209315666,8.335521283721205,-1.9867075008594166,-0.6652703597686217,-6.699274775745626,-4.455144191407151,-8.30381463577164,7.684970537405228,3.380240432603674,3.2946856922778442,-2.83385892929816,0.8170481729377529,-3.0111768655171582,-3.3705257375348996,-9.479619700682997,2.622453632753661,todi
MaduraiManiIyer-Kamalambike.mp3,0.27811767130848825,0.2454281747341156,1287.6556838844529,938.3117921082109,2028.3960678998162,0.09186981484616873,-127.82947482032753,183.057922202366,-103.1408089902717,0.02054649864055186,-23.788038708839125,-21.82567329728387,-24.224144872974644,-25.71772496276687,-3.838334517240809,-11.700672117718547,-9.653676321575986,-17.399837129104572,-13.596718386080159,-5.682265852063417,-7.60915569349598,-9.188401746917291,-12.37816664624877,-6.270107064425261,-3.048627707565447,-4.227256065753421,todi
S.Somasundaram-Koluvamaregada.mp3,0.35488234519047407,0.09300185739994049,1107.0829259989862,1504.8194637460763,1976.3130495053697,0.05139046778250774,-272.76747998721805,153.04487614318248,-10.567221756386997,2.7405339907004396,24.365784371555065,22.091086756614445,-9.397896426159038,-3.3917408715826856,-1.8860078366738142,-0.8513909004346916,-3.359353104536283,6.315651870613585,-0.5406983048428895,1.391604021227057,-1.7051204517631402,3.2284023763027303,-7.672241786264597,-2.0921143099410555,0.35519891513259894,-9.770397232252927,todi
AbhishekRaghuram-GatinivaniNeKori.mp3,0.2699391828170725,0.04654897749423981,1987.6608146313429,2019.031654062926,3828.3101840654026,0.09492988704527863,-276.6622879379792,91.40577407326766,-34.31089881256005,7.41594402861597,-12.605753046306008,2.0943321008659335,-16.62349410454575,-10.26484592772349,-17.855959234565038,-0.13888319863001938,-7.302265670721166,-8.2100511342428,-5.8819988486141614,4.9014695371851476,-7.193547985091577,-0.5675396331946274,-1.804089934029526,7.717008394212099,-1.3268743369864102,-0.41191779892747526,todi
MysoreBrothers-NiNamaRupa.mp3,0.2948048392587666,0.07920695841312408,2297.309756911682,2189.568324235094,4321.407202375193,0.12635486709075078,-175.3328035615571,79.61921440563033,-21.711422422605732,35.45922568119265,-5.784299123126898,3.794403765646113,7.30105408348747,2.6534120777075363,-12.646622648068242,-0.09728557914778165,-5.639256191224632,2.4764801641704626,8.568391899521304,9.605966228254184,-2.1151642666248547,7.3365947294752445,-3.664446247065365,1.5869271352721823,-2.2216343207987155,2.1423682249546756,saurastram
T.M.Krishna-Mangalam.mp3,0.28294514741358007,0.06431086361408234,2317.6859166582344,2528.7859900322974,4908.178654248501,0.10870984907120743,-237.4310287552433,87.11420074295211,-9.007096754065586,4.61068041109278,-1.8985995405447402,-6.537082417473121,-4.0572062199270995,-7.939575521251976,-13.128556217654145,-0.7255480636065819,-3.8722734776488337,-7.32122368936614,-1.7727910282030679,3.2033936599526567,-2.3087963876814426,-0.8935633472846103,-12.367693746911684,0.6842804573919604,-8.866237679764675,-2.4262979579926403,saurastram
GayathriGirish-NiNamaRupa.mp3,0.28450697171951894,0.09239647537469864,2063.757310334923,2175.195158728753,4076.3170177353427,0.09666230287345201,-157.65570181569697,97.15546850774537,-23.341177253016088,23.72336933707603,4.778994558225276,2.9125100648389277,-10.342855132418634,-2.2533394530266198,-9.305009297286142,0.19002322047045273,-0.7117829966700715,1.593349990522706,-8.779979747232227,5.810443623881965,-12.464399124783553,3.884987989936755,-3.5809054916468765,16.493558638398568,-1.3183505902678794,3.2254397594826174,saurastram
SanjaySubrahmanyan-NinnujuchiDhanyudaiti.mp3,0.2740081259697324,0.07202847301959991,1766.7189722169715,1982.4345492226678,3581.420010309839,0.07231135412635449,-200.85719495690253,108.91253102294466,-26.584574310340145,33.90614735083395,-0.4581429631105858,-2.080526271371856,-11.634109851271013,-8.829510087865954,4.9917845177937865,-16.298885577965105,-13.593796732329446,4.1532014151221475,-11.280939297275888,-5.344649014286381,-9.72819733526647,0.011190916767059357,-2.841286179716701,1.3574135535106528,-2.294313429680658,2.1351467715984187,saurastram
SanjaySubrahmanyan-NiNamaRupa.mp3,0.2666136141093921,0.03414168953895569,2104.9616907028817,2150.8404013455493,4386.856806610391,0.0928218121130031,-260.9907772807469,99.98841967486216,-21.080677722095928,13.706314899987126,-23.79402022950103,14.438818021418884,-22.78801648760986,-14.038111058461817,3.013200785510229,-13.217235788752063,-2.12716292208655,3.2427671529788884,-6.2766966079636966,4.417381082489825,-1.8932693048915,-2.202637704425762,-7.861086556839016,3.006031727528895,-9.988053841169922,1.1161520442564938,saurastram
ArunaSairam-NiNamaRupa.mp3,0.3624801758731248,0.06880933791399002,1958.4016298793483,1925.224885395741,3784.7187809899865,0.09711921621033281,-195.0362416087904,109.21700079931567,-41.5782997819102,27.138871740545618,-5.001084711441388,-0.12779822064037658,-1.7701260011719837,-4.178795060192445,-5.4191654615663385,-1.4668140976772162,-6.746305290534307,4.627540198790686,-7.671720161078516,1.4843689074487807,-10.547362387359177,1.124963705931853,-4.862085795249756,0.9859490301184909,-2.3839783655191455,4.815433691922121,saurastram
M.S.Subbulakshmi-SharanamSharanam.mp3,0.2146367627137605,0.18061761558055878,811.241937631185,839.5026574641757,1393.299908239406,0.045674704914860684,-215.71544714222924,206.08929260598944,-33.60109061234058,4.367553580209834,11.627750505462856,-22.32944323990543,2.9790704675214377,-3.8143818306174513,-8.126345979025817,2.72158156905327,-12.17756271366775,-5.24169779335234,3.2541083388487926,-7.780763936997171,-4.676040851192485,-6.109566267584886,-6.326464722608967,2.220381541723118,-3.9730827941691333,-3.5831912464345503,saurastram
Ranjani&Gayathri-Mangalam.mp3,0.2674215860569368,0.14232109487056732,2155.8687492966465,2219.5375213398834,3925.30959752322,0.1079158251499613,-131.30521768429213,89.91271784941213,-36.20582923136378,-17.618779198881644,2.191140204243015,-1.357452645512803,-25.50383972592606,-3.76534704729316,-15.057062267126453,4.390506508773615,-11.338487579613096,-0.8692035531837985,-8.734275087197197,3.862114243538357,-10.384917641829405,6.8046206581736035,2.960280336640511,8.680467187835859,1.146926918440386,0.6804212488701812,saurastram
M.S.Subbulakshmi-Mangalam.mp3,0.275103098065416,0.28106382489204407,1068.06873323646,973.2054836524052,1929.4049998185951,0.06568629970491487,-120.64202480825821,211.48058708514185,-69.03125683690952,21.059843448621017,11.854391100790806,-24.744328406622504,10.187647493369758,-8.073020227795842,-10.776004025684992,4.30841650583141,-14.856511830929728,-5.998953868322713,3.8279182656445494,-7.15053274223728,-3.1783537496642196,-5.857283345869731,-4.641054285258356,9.796122512325006,4.1710516009051775,2.201158895601974,saurastram
GayathriVenkataraghavan-NiNamaRupa.mp3,0.2635624046161278,0.11433406174182892,1959.5726064691758,2065.010461294548,3943.5428206027477,0.08853876922890867,-147.7087877479906,97.77684607996287,-23.201851047991266,23.258091572971807,-10.033429181450042,2.181599803401735,-3.3948083692217437,-4.361511634103422,-0.5940907502170389,0.9933886577671738,-8.676362311646951,5.691389546988464,-7.192005499884311,0.6936196164832922,-10.782769625675442,0.77768715131994,4.358112562631328,6.554135655464307,8.610087511116276,5.807008723132042,saurastram
NithyasreeMahadevan-SreeGanapathini.mp3,0.27827456128322386,0.04262160509824753,1803.8851670281083,2011.665250255306,3457.7624247170083,0.09551718508126934,-261.61797725918314,107.96662516178374,-28.04607250038858,35.779976744434734,16.182752902445767,-9.804430042379865,-4.804422404230014,-11.47022633586091,-21.014229511321222,9.113665765962505,-15.129821849408861,3.505651872192707,-8.21396254200471,-0.3552652170598307,4.13929876376256,14.004453720442356,-2.672712900046294,1.636433434674493,-4.934508224364056,-4.684969488623015,saurastram
SanjaySubrahmanyan-Suryamurte.mp3,0.28698748310127975,0.06864237785339355,2013.289044771588,2174.1594973537053,4245.5409944611065,0.09072620876064241,-203.36726088114898,95.98950759342081,-19.26169413656848,26.52556268777251,-6.547131925231169,8.372490213970783,-11.97450253046521,-10.898806781489252,-2.618193272081982,-6.55957110505868,-4.949613592247569,10.396749637073814,-7.958762333302523,6.307249575095696,-3.1737648689420475,-0.30262744863872665,-6.149297393871803,0.21984373303563953,-2.545190608332513,-2.2310532673710086,saurastram
T.Brinda&T.Mukta-Naarimani(Javali).mp3,0.2799012088796244,0.07507362216711044,1429.4435121225847,1176.3803458936404,2657.975594251887,0.10007649235681114,-262.17951376563593,141.49673355584503,-65.92984801775646,30.96315449562961,9.760076665525263,-25.71113560350496,4.10595418101408,-6.085375920221975,-8.78715791950581,2.8561240910017114,-7.410771723041401,-6.0696892395441235,-4.382518197159981,-1.21990932948127,-7.324373862227556,-11.87535095211122,1.2419668362587604,0.5606167602160121,-6.90565574305136,0.957037332416165,kamas
D.K.Pattammal-Santhanagopalam.mp3,0.2920758595191741,0.09440754354000092,2048.556213464061,1888.2456718003118,3931.317894525203,0.11388064168924149,-181.4633074028154,96.02745255690208,-40.953124494899726,34.83502226167755,-17.268105850785098,-0.12276438262611322,-17.671805338318336,-3.570434669963068,-9.805797512629585,0.34114698407750876,-9.854928828704393,-2.9192919037640355,-4.863240960898395,0.3194055457791042,-4.505853702881431,-5.253163068659386,-3.4234737707244314,-3.6155278449061665,-5.257238544774674,-1.8282414788287626,kamas
SanjaySubrahmanyan-RTPKhamas.mp3,0.24493026084749447,0.05357680469751358,2017.0707429822783,2037.0605307863802,3947.842794601393,0.10846608637287151,-241.98183359726667,90.22626464101548,-35.066632850462746,17.519283613515444,-11.376472989895543,2.469823400840173,-10.233080889199636,-10.478819877654352,1.8421545599757767,-8.118091999586039,-4.139369600868355,3.874921486234105,-12.969896863627376,-0.7502457929641022,-5.4064494735801425,-1.8693256955382247,-0.3557172063056707,2.033518101613238,-3.1901349148737737,4.853045900134199,kamas
PrasannaVenkataraman-KadaikanParvai.mp3,0.22634371669525435,0.09444595873355865,1476.6609561089397,1873.8934884136042,2862.17435948989,0.055863229851973686,-262.92209151838154,105.28619799627701,-9.576843975252832,20.589684599246397,2.704184784654242,-7.482257352963407,-21.96139190453337,0.5643507849443709,-18.128187214273566,-13.037314922667646,-10.557115093958814,-9.935487762441177,-5.101820470709437,-2.324059160536194,-7.9631517447511,-1.612728156518674,-4.785005669441475,-5.5173708326793385,0.07659156417045551,-4.637038992505635,kamas
PrasannaVenkataraman-Santanagopala.mp3,0.27875756486608216,0.09109925478696823,1968.1140385602585,2188.930046240737,4079.733663742018,0.08737777851683437,-199.61980441921713,95.65069325558603,-12.258258858209407,17.018804204861794,-7.665849601145486,2.4180834680444923,-21.74916548194437,3.2726070455583103,-16.59681422989168,-1.1167440677019154,-5.345772690619732,-5.260482593827173,-5.637420651241728,3.959241850310058,-6.619623171245179,-0.20139821933722155,-3.7841394683415266,-0.8968357604272327,-0.2693236571493449,-4.252961971778006,kamas
DandapaniDesikar-Seetapate.mp3,0.28371065611786334,0.08222544193267822,1330.6515139383182,1230.5365096333653,2388.5688899840366,0.08133737664473684,-220.64001056088472,169.51495794459763,-60.47180200852739,29.399395440506368,5.604107640319032,-12.357069635568301,-5.730788838735114,-5.630767199190392,-8.306960991271636,2.466592378511084,6.888218372389551,-4.334613142896786,-3.087191322407607,-0.09110076555266383,-2.7784625905656677,-1.754423183465173,-1.7847161911643725,-2.2860353990898075,0.13927566511162545,1.7295953647479616,kamas
T.M.Krishna-Brocevarevarura.mp3,0.2730189690980775,0.02133043482899666,2627.806737120535,2589.881257359175,5372.8675110052245,0.13222520196400928,-358.07311370257173,70.54194284737515,-13.488512545377988,5.40803158253082,-5.688197621269431,-14.5726024880367,-12.242572858715642,-4.547167040965147,-8.368344988975833,6.901072690979651,-0.1835421435577388,-1.8042113283701475,0.17725767678491108,0.237327445051534,0.6015565325478118,-1.4853219452088695,-7.510823807280178,-0.023779806235697414,-11.128718272772856,-1.4647515195376606,kamas
SanjaySubrahmanyan-SanthanaGopalakrishnam.mp3,0.27646008753174717,0.10266339778900146,2601.450047972809,2333.7508557050587,5136.802271792763,0.13565866570723684,-184.52387947162555,52.67371581194286,-37.8447265588309,4.463188666054534,-23.781706444074903,-1.6611230135131518,-23.930775231017584,-1.2621309840508852,-0.031688226266477444,-0.7062797458074963,0.5535658117410458,9.712825143899027,-6.854561459130822,7.982364973893007,0.4213610738151997,1.428691349084719,-7.93521292896893,-0.9566788641662421,-11.165011162990918,-1.6977688800661552,kamas
DandapaniDesikar-TozhiIdenna.mp3,0.25620076996134256,0.06939564645290375,1455.4853457424413,1538.3730169776284,2554.3345542884094,0.07539788119195047,-277.693460858474,137.10232743551092,-38.80186913804709,14.649019314698513,5.588328678449743,-3.7287097376924088,-3.6127242085216174,-1.8314397807894414,-3.265406932677996,5.574737805474561,6.3249635021317205,0.9738122541048082,0.08146890813779482,3.7893958269617265,3.889667455855235,4.293462369052614,2.186253742642617,-0.06277773549551674,-0.11212375937905288,3.9124169911257343,kamas
G.N.Balasubramaniam-Brochevarevarura.mp3,0.2959577455973175,0.1130034402012825,1721.7846042788435,1427.3355985999256,2951.623818601248,0.1064139445868808,-227.10486853973697,114.67122680284214,-63.77854788329805,15.195875908968137,-16.84739956183063,-14.563227587589124,-15.048005882850218,-16.24166927433304,-16.235462499045145,-2.143430951276124,-2.5136549071451157,-2.652838056047398,-15.070772085236765,-5.695680904477579,-2.033104385885672,-4.033542456050778,-0.7619558668859685,-7.477344411248981,-7.500551611391041,-2.1543533015920153,kamas
Unnikrishnan-SarasaSamamukha.mp3,0.2873500100705125,0.02344481647014618,1821.6055491206027,1643.4408720373713,3201.7806392705106,0.11361836058436532,-339.6118340387623,113.62292096128313,-63.96937173999634,26.93359323782977,4.495284634768467,-7.024708764228471,-16.43537837582045,-17.521080887916224,-7.4675740244619035,-3.0080122135571514,-10.902936816088543,-8.048983006775638,0.7816651029671212,-5.804227904705972,-1.0366849831106304,4.157197229445777,-11.133634123651406,11.119246902348506,-7.414628759933623,5.670623902075054,kamas
NithyasreeMahadevan-ThamThamfollowedbyMangalam.mp3,0.29347613908777087,0.1647801399230957,2006.307960433456,1917.5817554182725,3695.2943217274574,0.10840599603328173,-133.9611645073926,95.0517379767332,-46.14372877385026,21.51177360436622,5.1634722744757156,-1.9077249520045239,-7.147206100454246,-21.49988008243891,-6.473035982318764,1.345501895920083,-17.426767327540126,-1.2172370101030852,-10.009489148444167,-0.06505406506129355,-5.707619113256669,-0.7622479262085443,-4.010681537367338,3.998198234583109,-0.6269220881546524,4.0338478092868435,kamas
SikkilGurucharan-AvataruRaghupate.mp3,0.23489550210065177,0.030922632664442062,1530.3733298643683,1877.643310134444,3003.156840321449,0.057701843072755415,-352.2727512492225,116.58975027041058,-19.223184412864022,23.803670281110158,-10.15777808372367,9.088321987880132,-21.69617925988644,-11.880658309281543,-11.910507842489872,-13.571474894257527,0.8129304425813724,-2.8972068942605116,-7.595361793346726,0.2841114793226886,-2.4666574928116867,-0.43550957328069717,-12.634226275838639,-1.1937956723889707,1.3104873400039332,0.8579891214318693,kamas
SanjaySubrahmanyan-Kadaikannpaarvai.mp3,0.24591525951504672,0.056395918130874634,1893.2343853700281,2050.740131488316,3814.010270535023,0.08807618699206657,-248.9871580388633,96.7620934301339,-25.29820935666467,21.977046818472054,-5.892708174355296,3.7591323901916405,-11.038006655379249,-8.375955868463832,-4.040961791914471,-6.882454587987212,-6.373083672498432,4.652036903565002,-4.635845470784297,4.853211974185564,-4.818425048770707,-3.4743983449435114,-3.0532869779263954,-1.9520720934140623,-7.751142414670354,-5.892012670539023,kamas
T.N.Seshagopalan-SarasadalaNayana.mp3,0.27019322821616765,0.12251832336187363,1580.6031957293792,1772.866031754741,3189.5057134953076,0.07013411861455109,-189.8212826489776,117.63961161868566,-25.623165820274018,43.68603779497737,-6.50761511958534,9.278937740063599,-13.488902815103945,12.234471107653096,2.2366464562637436,-1.7697345464911216,1.8857815264993325,-2.913596810086577,-3.128712267678833,2.4505507962105253,-7.0522409555407375,-3.087146152114349,-2.824096629277474,-0.14902521580655562,1.1868851517839407,-6.719130708861904,kamas
AriyakudiRamanujaIyengar-Nareemani(Javali).mp3,0.22371645956178576,0.08512894064188004,1213.8794150025747,1219.8604962077816,2160.945266392947,0.06238813370743034,-269.4478453364049,161.7070130555289,-47.763213269642755,0.02859799121447557,16.68340716088961,-17.87698258393105,-20.660757375727762,-5.723753266766069,-12.854340281670513,-15.56424247665357,-17.49789970971852,-9.525830066922442,-5.540906954929354,2.5497911400603135,2.264245339593764,-4.1903027611164765,-8.888893611459212,-1.6989084519283162,-4.710583456753228,-4.091593049031009,kamas
Chittibabu-IdaduPadam.mp3,0.2712602233022129,0.038298528641462326,2222.4426948053137,2184.933091130951,4300.023998343169,0.1349731067385836,-253.6078212732739,84.8376884797336,-29.81544509216771,14.614172142874619,1.5404215041187488,-1.4786450620262097,-8.556810322771998,5.7175756603044,5.826866678331277,8.295250981662292,-9.252255243445752,2.0637979826387034,-10.444043280965339,3.787738319907615,-4.8851184635444245,-3.062767824908676,-8.86242637263818,-3.9132231674952327,-3.560590801222938,0.5004413574374359,kamas
AbhishekRaghuram-Brochevarevarura.mp3,0.30920272065281396,0.14208079874515533,1537.8569095450373,1646.36670636973,2994.356893533524,0.07902144204721362,-160.04523131588883,131.711462507572,-30.743394765321877,27.884656309888705,-7.093896076596075,14.631381348802352,-18.176850994184434,-2.800557839690238,-6.241679937118132,0.801349604158174,6.52000952945541,-7.486087134787152,-3.6024652816938594,-0.4696404159525187,-2.4823450805242158,6.8993566221711164,-0.632483557659649,4.09382034877241,-1.928577441353253,5.414352758521582,kamas
SikkilGurucharan-TiruKanden-KarpuramNarumo.mp3,0.22877677086130613,0.06553353369235992,1391.2416633292055,1713.980445553855,2603.6009230480845,0.05714629087654799,-249.34793201806636,130.24765595623245,-24.10615678587546,19.97302719006405,-5.727477880426584,-12.06626801313298,-19.843061387938388,-14.30611973231379,-16.48478333201013,-6.660096531144732,-12.296132987463821,-7.094568646162934,-11.525222773065325,-8.564473880715365,-6.614896257422829,-0.41037334131913594,-9.235044835897408,0.3110185043198783,2.2486742879249,5.8038366848884095,kamas
